dataset,model,folds,auc_mean,auc_sample_std,acc_mean,acc_sample_std,window_auc_mean,window_auc_sample_std,window_acc_mean,window_acc_sample_std,calibration_status,evidence_tier
assist2009_corrected_collapsed,acekt,5,0.845685,0.000872,0.779969,0.00103,0.846436,0.001241,0.779968,0.001308,not_materialized_in_matrix,v16_strict_5of5
assist2009_corrected_collapsed,akt,5,0.840313,0.00102,0.777064,0.001267,0.841987,0.001063,0.778485,0.001224,not_materialized_in_matrix,v16_strict_5of5
assist2009_corrected_collapsed,dkt,5,0.825756,0.001019,0.768648,0.001041,0.826537,0.000987,0.76912,0.000758,not_materialized_in_matrix,v16_strict_5of5
assist2009_corrected_collapsed,dkt+,5,0.825614,0.000588,0.76923,0.000781,0.826391,0.000529,0.769578,0.000665,not_materialized_in_matrix,v16_strict_5of5
assist2009_corrected_collapsed,sakt,5,0.795565,0.00166,0.748478,0.002482,0.780229,0.015777,0.739884,0.009758,not_materialized_in_matrix,v16_strict_5of5
assist2009_corrected_collapsed,simplekt,5,0.840088,0.001059,0.776476,0.001133,0.839497,0.001236,0.776125,0.000954,not_materialized_in_matrix,v16_strict_5of5
assist2009_corrected_collapsed,ukt,5,0.848004,0.001405,0.781122,0.000806,0.849608,0.001323,0.782453,0.000962,not_materialized_in_matrix,v16_strict_5of5
assist2012,akt,5,0.779282,0.000552,0.757258,0.000853,0.780863,0.000547,0.758163,0.000822,not_materialized_in_matrix,v16_strict_5of5
assist2012,dkt,5,0.730352,0.000212,0.734183,0.000205,0.731599,0.000228,0.734822,0.000188,not_materialized_in_matrix,v16_strict_5of5
assist2012,dkt+,5,0.73171,0.00042,0.734358,0.000365,0.733006,0.000414,0.734999,0.00039,not_materialized_in_matrix,v16_strict_5of5
assist2012,sakt,5,0.707173,0.001031,0.724079,0.00056,0.706969,0.001142,0.724056,0.000465,not_materialized_in_matrix,v16_strict_5of5
assist2012,simplekt,5,0.773878,0.000295,0.750971,0.001224,0.774774,0.000307,0.751877,0.001032,not_materialized_in_matrix,v16_strict_5of5
assist2015,acekt,5,0.725765,0.000276,0.750363,0.000186,0.725949,0.000294,0.750499,0.000143,not_materialized_in_matrix,v16_strict_5of5
assist2015,akt,5,0.725735,0.000952,0.751355,0.000508,0.725897,0.00093,0.751367,0.000438,not_materialized_in_matrix,v16_strict_5of5
assist2015,dkt,5,0.726861,0.000479,0.750645,0.000322,0.726927,0.000474,0.750569,0.000312,not_materialized_in_matrix,v16_strict_5of5
assist2015,dkt+,5,0.728353,0.000729,0.751046,0.000339,0.728392,0.000718,0.750966,0.000316,not_materialized_in_matrix,v16_strict_5of5
assist2015,sakt,5,0.703955,0.00059,0.746135,0.000316,0.703862,0.000566,0.746196,0.000254,not_materialized_in_matrix,v16_strict_5of5
assist2015,simplekt,5,0.723972,0.000425,0.750584,0.00028,0.724029,0.00044,0.750545,0.000269,not_materialized_in_matrix,v16_strict_5of5
assist2015,ukt,5,0.726737,0.000882,0.75084,0.000663,0.726847,0.000893,0.75086,0.000636,not_materialized_in_matrix,v16_strict_5of5
assist2017,acekt,5,0.78203,0.000544,0.72502,0.001395,0.784691,0.001455,0.726362,0.001812,not_materialized_in_matrix,v16_strict_5of5
assist2017,akt,5,0.766839,0.000793,0.714914,0.000469,0.771074,0.000883,0.717751,0.000952,not_materialized_in_matrix,v16_strict_5of5
assist2017,dkt,5,0.716026,0.00094,0.685402,0.001047,0.719415,0.001174,0.687395,0.00107,not_materialized_in_matrix,v16_strict_5of5
assist2017,dkt+,5,0.717607,0.000674,0.687453,0.000458,0.721051,0.00064,0.689222,0.00045,not_materialized_in_matrix,v16_strict_5of5
assist2017,sakt,5,0.653189,0.00093,0.664698,0.000799,0.655104,0.000705,0.664991,0.000584,not_materialized_in_matrix,v16_strict_5of5
assist2017,simplekt,5,0.753958,0.001005,0.707607,0.000773,0.754247,0.00049,0.708384,0.000656,not_materialized_in_matrix,v16_strict_5of5
assist2017,ukt,5,0.762522,0.004354,0.712861,0.003303,0.766571,0.004163,0.7149,0.003121,not_materialized_in_matrix,v16_strict_5of5
junyi2015,akt,5,0.803541,0.000284,0.854726,8.3e-05,0.806148,0.000321,0.855529,7.2e-05,not_materialized_in_matrix,v16_strict_5of5
junyi2015,dkt,5,0.754553,9.7e-05,0.846524,3.4e-05,0.756816,0.000111,0.84684,2.1e-05,not_materialized_in_matrix,v16_strict_5of5
junyi2015,dkt+,5,0.753959,0.00011,0.846219,2.3e-05,0.756096,0.000139,0.846456,2.2e-05,not_materialized_in_matrix,v16_strict_5of5
junyi2015,sakt,5,0.749412,0.000755,0.845151,0.000173,0.751607,0.000734,0.845419,0.000191,not_materialized_in_matrix,v16_strict_5of5
junyi2015,simplekt,5,0.803113,0.000211,0.854816,4.8e-05,0.805707,0.000199,0.855496,3.5e-05,not_materialized_in_matrix,v16_strict_5of5
junyi2015,ukt,5,0.804888,0.000119,0.855215,7.3e-05,0.807673,0.000163,0.856046,7e-05,not_materialized_in_matrix,v16_strict_5of5
nips_task34,acekt,5,0.8039596699977821,0.00032897305732817344,0.7326858009567145,0.00024162110120908215,0.8055188481024507,0.0003558568137696375,0.7343858348415797,0.000281272131794752,pass,mixed_evaluator_semantic_audited_strict_5of5
nips_task34,akt,5,0.804626,0.001219,0.732949,0.000612,0.806989,0.001128,0.734957,0.000644,not_materialized_in_matrix,v16_strict_5of5
nips_task34,asikt_author,5,0.7987630599641414,0.0010466173972732563,0.7282128689767822,0.0011471039666398365,0.8009818599546924,0.0010124172782224464,0.7299570422381648,0.001061431107603989,pass,author_source_causal_mask_adapter_strict_5of5
nips_task34,bkt,5,0.6876006579296281,0.00017384731652699096,0.6445980632364952,0.0006100482590491521,0.6917229133073288,0.00020382717027998573,0.6489384126707225,0.0006253263106555237,pass,mature_library_prediction_audited_strict_5of5
nips_task34,cskt,5,0.807984,0.000624,0.735711,0.000518,0.810503,0.000607,0.737761,0.000537,not_materialized_in_matrix,v16_strict_5of5
nips_task34,deep_irt,5,0.7684684417029265,0.0010608116735532325,0.7019287422704469,0.0007641973969754179,0.771061723103968,0.001043279529909341,0.7042056448388903,0.0006753008594308858,pass,uniform_evaluator_external_split_audited_strict_5of5
nips_task34,dkt,5,0.770967,0.000394,0.70449,0.000381,0.773068,0.000378,0.706148,0.000291,not_materialized_in_matrix,v16_strict_5of5
nips_task34,dkt+,5,0.7715,0.000211,0.704851,0.000455,0.773569,0.000229,0.706738,0.000352,not_materialized_in_matrix,v16_strict_5of5
nips_task34,dkvmn,5,0.7695806868560733,0.00031791752523831055,0.70273597013184,0.0003801782166389423,0.7720712212198373,0.0003448022679717948,0.7050095582837248,0.00037049121747208014,pass,uniform_evaluator_external_split_audited_strict_5of5
nips_task34,dtransformer,5,0.8015473210563802,0.0006035163363871642,0.7304639190292848,0.0006633915176503527,0.8035242074149685,0.0007071018439985376,0.7320903930162745,0.0006026008036185809,pass,strict_uniform_evaluator_prediction_audited_5of5
nips_task34,fluckt,5,0.806469,0.000713,0.73494,0.000862,0.8088,0.000666,0.736958,0.000978,not_materialized_in_matrix,v16_strict_5of5
nips_task34,folibikt,5,0.8056739986120794,0.0003047357253207824,0.7335783455839459,0.000759439763353701,0.8078879229922705,0.00030118952102245916,0.7355902512774664,0.0008949920200620293,pass,strict_uniform_evaluator_prediction_audited_5of5
nips_task34,qikt,5,0.8027480303899759,0.00044198989632147434,0.7314152858249992,0.00047750713294292875,0.804391206252889,0.000417861713026895,0.7329573672070719,0.00038075291713080223,pass,strict_uniform_evaluator_prediction_audited_5of5
nips_task34,sakt,5,0.747161,0.001053,0.682991,0.000938,0.744529,0.00101,0.680983,0.001395,not_materialized_in_matrix,v16_strict_5of5
nips_task34,simplekt,5,0.802279,0.000347,0.731513,0.000412,0.80423,0.000257,0.733328,0.000486,not_materialized_in_matrix,v16_strict_5of5
nips_task34,ukt,5,0.8057277264897481,0.0005102047640825245,0.7332531209893828,0.0006972350731460785,0.8079068689532853,0.0005292031155001345,0.7352660691830757,0.0006971547576071072,pass,mixed_evaluator_semantic_audited_strict_5of5
slepemapy,akt,5,0.8001629519148421,0.0004648993627927845,0.8033943573845447,0.0008441387553780611,0.8042725725674649,0.00042540592306909437,0.8046219367803469,0.000788685520383478,pass,strict_uniform_evaluator_prediction_audited_5of5
slepemapy,dkt,5,0.78385,0.000288,0.797203,8.1e-05,0.786415,0.000291,0.79766,0.000132,not_materialized_in_matrix,v16_strict_5of5
slepemapy,dkt+,5,0.7865701085927094,0.00047746886667479415,0.7982605006793575,0.00023802890147264658,0.7891842919544095,0.00047767685986700324,0.7987372226471873,0.00023986604254122362,pass,strict_uniform_evaluator_prediction_audited_5of5
slepemapy,sakt,5,0.7712411530150336,0.0004703272227053514,0.7917211536319806,0.00031220423958383,0.7719817216009373,0.00040528542013131875,0.7914674422068562,0.00019270444963627854,pass,strict_uniform_evaluator_prediction_audited_5of5
slepemapy,simplekt,5,0.7941924008569935,0.0004192222390330043,0.8010208586025283,0.00017200739734883817,0.7971791620068105,0.0004587922963177976,0.8013869849612861,0.00017372721266402296,pass,strict_uniform_evaluator_prediction_audited_5of5
statics2011,acekt,5,0.809976,0.002144,0.789348,0.001157,0.810983,0.001266,0.788128,0.001151,not_materialized_in_matrix,v16_strict_5of5
statics2011,akt,5,0.82768,0.001827,0.799565,0.000801,0.830634,0.001569,0.801771,0.001135,not_materialized_in_matrix,v16_strict_5of5
statics2011,dkt,5,0.820605,0.001642,0.796952,0.00049,0.821992,0.001682,0.79729,0.000304,not_materialized_in_matrix,v16_strict_5of5
statics2011,dkt+,5,0.825382,0.000578,0.796861,0.000967,0.827628,0.000828,0.79746,0.000826,not_materialized_in_matrix,v16_strict_5of5
statics2011,sakt,5,0.791061,0.003281,0.785362,0.000825,0.796306,0.001778,0.788293,0.00164,not_materialized_in_matrix,v16_strict_5of5
statics2011,simplekt,5,0.818371,0.000511,0.793985,0.00231,0.819544,0.001016,0.795547,0.003486,not_materialized_in_matrix,v16_strict_5of5
statics2011,ukt,5,0.822622,0.001679,0.796341,0.002362,0.823934,0.001224,0.796999,0.001699,not_materialized_in_matrix,v16_strict_5of5
